{
    "mercure": {
        "name": "Mercure",
        "mass": 3,
        "pos": [
            0.8580834991458017,
            -0.33470429582462
        ],
        "v": [
            0.00033551917265925777,
            0.000844352308116064
        ]
    },
    "venus": {
        "name": "V\u00e9nus",
        "mass": 5,
        "pos": [
            35.90281495798379,
            -4.075441601397297
        ],
        "v": [
            -0.2267403037307025,
            2.92128328420631
        ]
    },
    "terre": {
        "name": "La Terre",
        "mass": 6,
        "pos": [
            -6.786496495899677,
            71.60351157024785
        ],
        "v": [
            -2.020482128802678,
            -0.20181802528030268
        ]
    },
    "mars": {
        "name": "Mars",
        "mass": 6,
        "pos": [
            -17.4661023580747,
            96.76930857658981
        ],
        "v": [
            -1.72105437041115,
            -0.3121088742913931
        ]
    },
    "jupiter": {
        "name": "Jupiter",
        "mass": 2,
        "pos": [
            -86.67737365589223,
            -12.688248491001579
        ],
        "v": [
            1.207985878121755,
            -0.6694025553531011
        ]
    },
    "saturne": {
        "name": "Saturne",
        "mass": 6,
        "pos": [
            46.5808177822403,
            -17.94563483935316
        ],
        "v": [
            0.2625532964920346,
            0.7404184518399448
        ]
    },
    "uranus": {
        "name": "Uranus",
        "mass": 9,
        "pos": [
            69.60076520097518,
            -70.66615472107377
        ],
        "v": [
            0.36673106866625504,
            0.39101580935174113
        ]
    },
    "neptune": {
        "name": "Neptune",
        "mass": 1,
        "pos": [
            143.9762540149332,
            134.7871812421368
        ],
        "v": [
            -0.271472143233863,
            0.269533235009428
        ]
    }
}